name,optimizer,Epochs,BatchSize,Learning Rate,F1 Score,Loss,Accuracy,id
"Beverage, instant breakfast powder, chocolate, not reconstituted",SGD,1,16,0.00001,0.453,1.566,0.458,1
"Beverage, instant breakfast powder, chocolate, sugar-free, not reconstituted",SGD,1,32,0.00001,0.458,1.558,0.462,2
"Beverage, milkshake mix, dry, not chocolate",SGD,1,64,0.00001,0.462,1.548,0.468,3
"Butter oil, anhydrous",SGD,2,16,0.00001,0.497,1.437,0.502,1
"Butter, salted",SGD,2,32,0.00001,0.501,1.43,0.505,2
"Butter, whipped, with salt",SGD,2,64,0.00001,0.505,1.417,0.512,3
"Butter, without salt",SGD,3,16,0.00001,0.533,1.348,0.537,1
Cheese fondue,SGD,3,32,0.00001,0.537,1.341,0.541,2
"Cheese food, cold pack, american",SGD,3,64,0.00001,0.541,1.328,0.547,3
"Cheese food, imitation",SGD,4,16,0.00001,0.556,1.288,0.56,1
"Cheese food, pasteurized process, american, with di sodium phosphate",SGD,4,32,0.00001,0.56,1.276,0.566,2
"Cheese food, pasteurized process, american, without di sodium phosphate",SGD,4,64,0.00001,0.564,1.262,0.573,3
"Cheese food, pasteurized process, swiss",SGD,5,16,0.00001,0.581,1.229,0.586,1
"Cheese product, pasteurized process, american, reduced fat, fortified with vitamin D",SGD,5,32,0.00001,0.585,1.217,0.591,2
"Cheese product, pasteurized process, cheddar or american, reduced fat",SGD,5,64,0.00001,0.59,1.203,0.597,3
"Cheese sauce, prepared from recipe",SGD,6,16,0.00001,0.603,1.174,0.608,1
"Cheese spread, cream cheese base",SGD,6,32,0.00001,0.608,1.161,0.614,2
"Cheese spread, pasteurized process, american, with di sodium phosphate",SGD,6,64,0.00001,0.611,1.148,0.62,3
"Cheese spread, pasteurized process, american, without di sodium phosphate",SGD,7,16,0.00001,0.616,1.14,0.621,1
"Cheese substitute, mozzarella",SGD,7,32,0.00001,0.62,1.129,0.626,2
"Cheese, Mexican, blend, reduced fat",SGD,7,64,0.00001,0.625,1.115,0.633,3
"Cheese, american cheddar, imitation",SGD,8,16,0.00001,0.636,1.093,0.644,1
"Cheese, blue",SGD,8,32,0.00001,0.64,1.081,0.649,2
"Cheese, brick",SGD,8,64,0.00001,0.645,1.069,0.654,3
"Cheese, brie",SGD,9,16,0.00001,0.653,1.048,0.662,1
"Cheese, camembert",SGD,9,32,0.00001,0.657,1.036,0.667,2
"Cheese, caraway",SGD,9,64,0.00001,0.663,1.023,0.673,3
"Cheese, cheddar",SGD,10,16,0.00001,0.669,1.002,0.68,1
"Cheese, cheshire",SGD,10,32,0.00001,0.675,0.991,0.686,2
"Cheese, colby",SGD,10,64,0.00001,0.681,0.978,0.692,3
"Cheese, cottage, creamed, large or small curd",SGD,30,16,0.00001,0.742,0.725,0.748,1
"Cheese, cottage, creamed, with fruit",SGD,30,32,0.00001,0.757,0.68,0.763,2
"Cheese, cottage, lowfat, 1% milkfat",SGD,30,64,0.00001,0.767,0.655,0.773,3
"Cheese, cottage, lowfat, 1% milkfat, lactose reduced",SGD,50,16,0.00001,0.778,0.624,0.784,1
"Cheese, cottage, lowfat, 1% milkfat, no sodium added",SGD,50,32,0.00001,0.788,0.598,0.794,2
"Cheese, cottage, lowfat, 1% milkfat, with vegetables",SGD,50,64,0.00001,0.793,0.583,0.8,3
"Cheese, cottage, lowfat, 2% milkfat",SGD,70,16,0.00001,0.804,0.558,0.811,1
"Cheese, cottage, nonfat, uncreamed, dry, large or small curd",SGD,70,32,0.00001,0.812,0.53,0.819,2
"Cheese, cottage, with vegetables",SGD,70,64,0.00001,0.819,0.513,0.826,3
"Cheese, cream",SGD,90,16,0.00001,0.828,0.487,0.835,1
"Cheese, cream, fat free",SGD,90,32,0.00001,0.835,0.466,0.841,2
"Cheese, cream, low fat",SGD,90,64,0.00001,0.84,0.45,0.847,3
"Cheese, dry white, queso seco",SGD,110,16,0.00001,0.845,0.431,0.852,1
"Cheese, edam",SGD,110,32,0.00001,0.852,0.415,0.859,2
"Cheese, feta",SGD,110,64,0.00001,0.857,0.402,0.864,3
"Cheese, fontina",SGD,130,16,0.00001,0.863,0.385,0.87,1
"Cheese, fresh, queso fresco",SGD,130,32,0.00001,0.868,0.372,0.875,2
"Cheese, gjetost",SGD,130,64,0.00001,0.872,0.364,0.878,3
"Cheese, goat, hard type",SGD,150,16,0.00001,0.878,0.347,0.884,1
"Cheese, goat, semisoft type",SGD,150,32,0.00001,0.882,0.337,0.888,2
"Cheese, goat, soft type",SGD,150,64,0.00001,0.887,0.325,0.893,3
"Cheese, gouda",SGD,1,16,0.0001,0.461,1.548,0.466,1
"Cheese, gruyere",SGD,1,32,0.0001,0.467,1.537,0.473,2
"Cheese, limburger",SGD,1,64,0.0001,0.473,1.527,0.48,3
"Cheese, low fat, cheddar or colby",SGD,2,16,0.0001,0.504,1.42,0.509,1
"Cheese, low-sodium, cheddar or colby",SGD,2,32,0.0001,0.509,1.408,0.515,2
"Cheese, mexican, queso anejo",SGD,2,64,0.0001,0.514,1.394,0.522,3
"Cheese, mexican, queso asadero",SGD,3,16,0.0001,0.54,1.335,0.545,1
"Cheese, mexican, queso chihuahua",SGD,3,32,0.0001,0.545,1.323,0.551,2
"Cheese, monterey",SGD,3,64,0.0001,0.55,1.309,0.557,3
"Cheese, monterey, low fat",SGD,4,16,0.0001,0.566,1.267,0.571,1
"Cheese, mozzarella, low sodium",SGD,4,32,0.0001,0.571,1.254,0.578,2
"Cheese, mozzarella, nonfat",SGD,4,64,0.0001,0.576,1.239,0.584,3
"Cheese, mozzarella, part skim milk",SGD,5,16,0.0001,0.59,1.207,0.597,1
"Cheese, mozzarella, part skim milk, low moisture",SGD,5,32,0.0001,0.595,1.193,0.602,2
"Cheese, mozzarella, whole milk",SGD,5,64,0.0001,0.6,1.178,0.609,3
"Cheese, mozzarella, whole milk, low moisture",SGD,6,16,0.0001,0.613,1.149,0.622,1
"Cheese, muenster",SGD,6,32,0.0001,0.618,1.135,0.628,2
"Cheese, muenster, low fat",SGD,6,64,0.0001,0.626,1.128,0.63,3
"Cheese, neufchatel",SGD,7,16,0.0001,0.63,1.111,0.64,1
"Cheese, parmesan, dry grated, reduced fat",SGD,7,32,0.0001,0.635,1.096,0.646,2
"Cheese, parmesan, grated",SGD,7,64,0.0001,0.64,1.081,0.652,3
"Cheese, parmesan, hard",SGD,8,16,0.0001,0.652,1.057,0.663,1
"Cheese, parmesan, low sodium",SGD,8,32,0.0001,0.657,1.043,0.669,2
"Cheese, parmesan, shredded",SGD,8,64,0.0001,0.663,1.028,0.675,3
"Cheese, pasteurized process, american, low fat",SGD,9,16,0.0001,0.674,1.006,0.685,1
"Cheese, pasteurized process, american, with di sodium phosphate",SGD,9,32,0.0001,0.679,0.991,0.69,2
"Cheese, pasteurized process, american, without di sodium phosphate",SGD,9,64,0.0001,0.684,0.977,0.695,3
"Cheese, pasteurized process, cheddar or american, fat-free",SGD,10,16,0.0001,0.693,0.955,0.703,1
"Cheese, pasteurized process, cheddar or american, low sodium",SGD,10,32,0.0001,0.698,0.941,0.709,2
"Cheese, pasteurized process, pimento",SGD,10,64,0.0001,0.703,0.926,0.715,3
"Cheese, pasteurized process, swiss, low fat",SGD,30,16,0.0001,0.789,0.574,0.796,1
"Cheese, pasteurized process, swiss, with di sodium phosphate",SGD,30,32,0.0001,0.804,0.533,0.81,2
"Cheese, pasteurized process, swiss, without di sodium phosphate",SGD,30,64,0.0001,0.814,0.506,0.82,3
"Cheese, port de salut",SGD,50,16,0.0001,0.821,0.475,0.827,1
"Cheese, provolone",SGD,50,32,0.0001,0.832,0.446,0.838,2
"Cheese, provolone, reduced fat",SGD,50,64,0.0001,0.84,0.428,0.846,3
"Cheese, ricotta, part skim milk",SGD,70,16,0.0001,0.847,0.406,0.853,1
"Cheese, ricotta, whole milk",SGD,70,32,0.0001,0.856,0.38,0.862,2
"Cheese, romano",SGD,70,64,0.0001,0.861,0.366,0.867,3
"Cheese, roquefort",SGD,90,16,0.0001,0.869,0.345,0.874,1
"Cheese, swiss",SGD,90,32,0.0001,0.875,0.326,0.88,2
"Cheese, swiss, low fat",SGD,90,64,0.0001,0.88,0.312,0.886,3
"Cheese, swiss, low sodium",SGD,110,16,0.0001,0.887,0.294,0.893,1
"Cheese, tilsit",SGD,110,32,0.0001,0.893,0.281,0.898,2
"Cheese, white, queso blanco",SGD,110,64,0.0001,0.898,0.271,0.903,3
"Cream substitute, flavored, liquid",SGD,130,16,0.0001,0.902,0.256,0.907,1
"Cream substitute, flavored, powdered",SGD,130,32,0.0001,0.907,0.245,0.912,2
"Cream substitute, liquid, light",SGD,130,64,0.0001,0.912,0.236,0.917,3
"Cream substitute, liquid, with hydrogenated vegetable oil and soy protein",SGD,150,16,0.0001,0.917,0.223,0.922,1
"Cream substitute, liquid, with lauric acid oil and sodium caseinate",SGD,150,32,0.0001,0.923,0.213,0.927,2
"Cream substitute, powdered",SGD,150,64,0.0001,0.927,0.204,0.931,3
"Cream substitute, powdered, light",SGD,1,16,0.001,0.191,1.944,0.289,1
"Cream, fluid, half and half",SGD,1,32,0.001,0.231,1.828,0.326,2
"Cream, fluid, heavy whipping",SGD,1,64,0.001,0.27,1.729,0.361,3
"Cream, fluid, light (coffee cream or table cream)",SGD,2,16,0.001,0.37,1.546,0.415,1
"Cream, fluid, light whipping",SGD,2,32,0.001,0.405,1.452,0.446,2
"Cream, half and half, fat free",SGD,2,64,0.001,0.432,1.371,0.471,3
"Cream, sour, cultured",SGD,3,16,0.001,0.511,1.224,0.507,1
"Cream, sour, reduced fat, cultured",SGD,3,32,0.001,0.537,1.147,0.537,2
"Cream, whipped, cream topping, pressurized",SGD,3,64,0.001,0.554,1.08,0.556,3
"Dessert topping, powdered",SGD,4,16,0.001,0.608,0.975,0.604,1
"Dessert topping, powdered, 1.5 ounce prepared with 1/2 cup milk",SGD,4,32,0.001,0.632,0.916,0.63,2
"Dessert topping, pressurized",SGD,4,64,0.001,0.649,0.868,0.649,3
"Dessert topping, semi solid, frozen",SGD,5,16,0.001,0.692,0.764,0.691,1
Dulce de Leche,SGD,5,32,0.001,0.711,0.721,0.709,2
"Egg Mix, USDA Commodity",SGD,5,64,0.001,0.725,0.684,0.723,3
"Egg substitute, liquid or frozen, fat free",SGD,6,16,0.001,0.76,0.582,0.759,1
"Egg substitute, powder",SGD,6,32,0.001,0.773,0.548,0.773,2
"Egg, duck, whole, fresh, raw",SGD,6,64,0.001,0.785,0.519,0.785,3
"Egg, goose, whole, fresh, raw",SGD,7,16,0.001,0.81,0.43,0.81,1
"Egg, quail, whole, fresh, raw",SGD,7,32,0.001,0.819,0.407,0.819,2
"Egg, turkey, whole, fresh, raw",SGD,7,64,0.001,0.827,0.387,0.827,3
"Egg, white, dried",SGD,8,16,0.001,0.84,0.355,0.839,1
"Egg, white, dried, flakes, glucose reduced",SGD,8,32,0.001,0.847,0.336,0.847,2
"Egg, white, dried, powder, glucose reduced",SGD,8,64,0.001,0.854,0.32,0.854,3
"Egg, white, raw, fresh",SGD,9,16,0.001,0.864,0.294,0.864,1
"Egg, white, raw, frozen",SGD,9,32,0.001,0.871,0.278,0.871,2
"Egg, whole, cooked, fried",SGD,9,64,0.001,0.876,0.264,0.876,3
"Egg, whole, cooked, hard-boiled",SGD,10,16,0.001,0.882,0.245,0.882,1
"Egg, whole, cooked, omelet",SGD,10,32,0.001,0.888,0.232,0.888,2
"Egg, whole, cooked, poached",SGD,10,64,0.001,0.893,0.221,0.893,3
"Egg, whole, cooked, scrambled",SGD,30,16,0.001,0.932,0.122,0.932,1
"Egg, whole, dried",SGD,30,32,0.001,0.938,0.109,0.938,2
"Egg, whole, dried, stabilized, glucose reduced",SGD,30,64,0.001,0.944,0.099,0.944,3
"Egg, whole, raw, fresh",SGD,50,16,0.001,0.949,0.085,0.949,1
"Egg, whole, raw, frozen",SGD,50,32,0.001,0.953,0.077,0.953,2
"Egg, yolk, dried",SGD,50,64,0.001,0.957,0.071,0.957,3
"Egg, yolk, raw, fresh",SGD,70,16,0.001,0.961,0.062,0.961,1
"Egg, yolk, raw, frozen",SGD,70,32,0.001,0.964,0.056,0.964,2
"Egg, yolk, raw, frozen, salted",SGD,70,64,0.001,0.966,0.052,0.966,3
"Egg, yolk, raw, frozen, sugared",SGD,90,16,0.001,0.97,0.045,0.97,1
Eggnog,SGD,90,32,0.001,0.972,0.041,0.972,2
"Eggs, scrambled, frozen mixture",SGD,90,64,0.001,0.974,0.038,0.974,3
"Ensure plus, liquid nutrition",SGD,110,16,0.001,0.975,0.033,0.975,1
"Imitation cheese, american or cheddar, low cholesterol",SGD,110,32,0.001,0.977,0.03,0.977,2
KRAFT BREAKSTONE'S FREE Fat Free Sour Cream,SGD,110,64,0.001,0.979,0.027,0.979,3
KRAFT BREAKSTONE'S Reduced Fat Sour Cream,SGD,130,16,0.001,0.981,0.023,0.981,1
KRAFT BREYERS LIGHT N' LIVELY Lowfat Strawberry Yogurt (1% Milkfat),SGD,130,32,0.001,0.982,0.02,0.982,2
KRAFT BREYERS LIGHT Nonfat Strawberry Yogurt (with Aspartame and Fructose Sweeteners),SGD,130,64,0.001,0.983,0.018,0.983,3
KRAFT BREYERS Lowfat Strawberry Yogurt (1% Milkfat),SGD,150,16,0.001,0.984,0.015,0.984,1
KRAFT BREYERS Smooth & Creamy Lowfat Strawberry Yogurt (1% Milkfat),SGD,150,32,0.001,0.985,0.013,0.985,2
KRAFT CHEEZ WHIZ LIGHT Pasteurized Process Cheese Product,SGD,150,64,0.001,0.986,0.011,0.986,3
KRAFT CHEEZ WHIZ Pasteurized Process Cheese Sauce,SGD,1,16,0.01,0.019,2.302,0.096,1
KRAFT FREE Singles American Nonfat Pasteurized Process Cheese Product,SGD,1,32,0.01,0.019,2.301,0.114,2
KRAFT VELVEETA LIGHT Reduced Fat Pasteurized Process Cheese Product,SGD,1,64,0.01,0.021,2.299,0.127,3
KRAFT VELVEETA Pasteurized Process Cheese Spread,SGD,2,16,0.01,0.02,2.299,0.113,1
"Milk shakes, thick chocolate",SGD,2,32,0.01,0.022,2.296,0.133,2
"Milk shakes, thick vanilla",SGD,2,64,0.01,0.025,2.293,0.149,3
"Milk substitutes, fluid, with lauric acid oil",SGD,3,16,0.01,0.025,2.292,0.143,1
"Milk, buttermilk, dried",SGD,3,32,0.01,0.029,2.288,0.167,2
"Milk, buttermilk, fluid, cultured, lowfat",SGD,3,64,0.01,0.033,2.282,0.19,3
"Milk, buttermilk, fluid, cultured, reduced fat",SGD,4,16,0.01,0.034,2.278,0.193,1
"Milk, canned, condensed, sweetened",SGD,4,32,0.01,0.04,2.271,0.219,2
"Milk, canned, evaporated, nonfat, with added vitamin A and vitamin D",SGD,4,64,0.01,0.044,2.261,0.239,3
"Milk, canned, evaporated, with added vitamin A",SGD,5,16,0.01,0.045,2.258,0.247,1
"Milk, canned, evaporated, with added vitamin D and without added vitamin A",SGD,5,32,0.01,0.053,2.245,0.277,2
"Milk, canned, evaporated, without added vitamin A and vitamin D",SGD,5,64,0.01,0.059,2.23,0.3,3
"Milk, chocolate beverage, hot cocoa, homemade",SGD,6,16,0.01,0.064,2.221,0.317,1
"Milk, chocolate, fluid, commercial, lowfat, with added vitamin A and vitamin D",SGD,6,32,0.01,0.074,2.203,0.346,2
"Milk, chocolate, fluid, commercial, reduced fat, with added calcium",SGD,6,64,0.01,0.082,2.179,0.37,3
"Milk, chocolate, fluid, commercial, reduced fat, with added vitamin A and vitamin D",SGD,7,16,0.01,0.086,2.168,0.386,1
"Milk, chocolate, fluid, commercial, whole, with added vitamin A and vitamin D",SGD,7,32,0.01,0.098,2.141,0.416,2
"Milk, dry, nonfat, calcium reduced",SGD,7,64,0.01,0.11,2.105,0.441,3
"Milk, dry, nonfat, instant, with added vitamin A and vitamin D",SGD,8,16,0.01,0.118,2.091,0.461,1
"Milk, dry, nonfat, instant, without added vitamin A and vitamin D",SGD,8,32,0.01,0.131,2.055,0.49,2
"Milk, dry, nonfat, regular, with added vitamin A and vitamin D",SGD,8,64,0.01,0.143,2.015,0.512,3
"Milk, dry, nonfat, regular, without added vitamin A and vitamin D",SGD,9,16,0.01,0.151,1.995,0.528,1
"Milk, dry, whole, with added vitamin D",SGD,9,32,0.01,0.165,1.956,0.558,2
"Milk, dry, whole, without added vitamin D",SGD,9,64,0.01,0.178,1.912,0.581,3
"Milk, filled, fluid, with blend of hydrogenated vegetable oils",SGD,10,16,0.01,0.187,1.888,0.598,1
"Milk, filled, fluid, with lauric acid oil",SGD,10,32,0.01,0.202,1.844,0.628,2
"Milk, fluid, 1% fat, without added vitamin A and vitamin D",SGD,10,64,0.01,0.216,1.793,0.651,3
"Milk, fluid, nonfat, calcium fortified (fat free or skim)",SGD,30,16,0.01,0.47,1.014,0.798,1
"Milk, goat, fluid, with added vitamin D",SGD,30,32,0.01,0.508,0.939,0.817,2
"Milk, human, mature, fluid",SGD,30,64,0.01,0.547,0.857,0.837,3
"Milk, imitation, non-soy",SGD,50,16,0.01,0.677,0.671,0.877,1
"Milk, indian buffalo, fluid",SGD,50,32,0.01,0.73,0.578,0.898,2
"Milk, low sodium, fluid",SGD,50,64,0.01,0.776,0.486,0.915,3
"Milk, lowfat, fluid, 1% milkfat, protein fortified, with added vitamin A and vitamin D",SGD,70,16,0.01,0.859,0.36,0.943,1
"Milk, lowfat, fluid, 1% milkfat, with added nonfat milk solids, vitamin A and vitamin D",SGD,70,32,0.01,0.89,0.29,0.958,2
"Milk, lowfat, fluid, 1% milkfat, with added vitamin A and vitamin D",SGD,70,64,0.01,0.913,0.244,0.967,3
"Milk, nonfat, fluid, protein fortified, with added vitamin A and vitamin D (fat free and skim)",SGD,90,16,0.01,0.973,0.109,0.984,1
"Milk, nonfat, fluid, with added nonfat milk solids, vitamin A and vitamin D (fat free or skim)",SGD,90,32,0.01,0.982,0.071,0.99,2
"Milk, nonfat, fluid, with added vitamin A and vitamin D (fat free or skim)",SGD,90,64,0.01,0.986,0.049,0.992,3
"Milk, nonfat, fluid, without added vitamin A and vitamin D (fat free or skim)",SGD,110,16,0.01,0.992,0.034,0.995,1
"Milk, producer, fluid, 3.7% milkfat",SGD,110,32,0.01,0.994,0.025,0.996,2
"Milk, reduced fat, fluid, 2% milkfat, protein fortified, with added vitamin A and vitamin D",SGD,110,64,0.01,0.995,0.018,0.997,3
"Milk, reduced fat, fluid, 2% milkfat, with added nonfat milk solids and vitamin A and vitamin D",SGD,130,16,0.01,0.997,0.012,0.998,1
"Milk, reduced fat, fluid, 2% milkfat, with added nonfat milk solids, without added vitamin A",SGD,130,32,0.01,0.998,0.009,0.998,2
"Milk, reduced fat, fluid, 2% milkfat, with added vitamin A and vitamin D",SGD,130,64,0.01,0.998,0.006,0.998,3
"Milk, reduced fat, fluid, 2% milkfat, without added vitamin A and vitamin D",SGD,150,16,0.01,0.999,0.005,0.999,1
"Milk, sheep, fluid",SGD,150,32,0.01,0.999,0.004,0.999,2
"Milk, whole, 3.25% milkfat, with added vitamin D",SGD,150,64,0.01,0.999,0.003,0.999,3
"Milk, whole, 3.25% milkfat, without added vitamin A and vitamin D",SGD,1,16,0.1,0.019,2.302,0.1,1
"Parmesan cheese topping, fat free",SGD,1,32,0.1,0.019,2.302,0.1,2
"Protein supplement, milk based, Muscle Milk Light, powder",SGD,1,64,0.1,0.019,2.302,0.1,3
"Protein supplement, milk based, Muscle Milk, powder",SGD,2,16,0.1,0.019,2.302,0.1,1
Reddi Wip Fat Free Whipped Topping,SGD,2,32,0.1,0.019,2.302,0.1,2
"Sour cream, fat free",SGD,2,64,0.1,0.019,2.302,0.1,3
"Sour cream, imitation, cultured",SGD,3,16,0.1,0.019,2.302,0.1,1
"Sour cream, light",SGD,3,32,0.1,0.019,2.302,0.1,2
"Sour cream, reduced fat",SGD,3,64,0.1,0.019,2.302,0.1,3
"Sour dressing, non-butterfat, cultured, filled cream-type",SGD,4,16,0.1,0.019,2.302,0.1,1
"USDA Commodity, cheese, cheddar, reduced fat",SGD,4,32,0.1,0.019,2.302,0.1,2
"Whey, acid, dried",SGD,4,64,0.1,0.019,2.302,0.1,3
"Whey, acid, fluid",SGD,5,16,0.1,0.019,2.302,0.1,1
"Whey, sweet, dried",SGD,5,32,0.1,0.019,2.302,0.1,2
"Whey, sweet, fluid",SGD,5,64,0.1,0.019,2.302,0.1,3
"Whipped cream substitute, dietetic, made from powdered mix",SGD,6,16,0.1,0.019,2.302,0.1,1
"Whipped topping, frozen, low fat",SGD,6,32,0.1,0.019,2.302,0.1,2
"Yogurt, chocolate, nonfat milk",SGD,6,64,0.1,0.019,2.302,0.1,3
"Yogurt, chocolate, nonfat milk, fortified with vitamin D",SGD,7,16,0.1,0.019,2.302,0.1,1
"Yogurt, fruit variety, nonfat",SGD,7,32,0.1,0.019,2.302,0.1,2
"Yogurt, fruit variety, nonfat, fortified with vitamin D",SGD,7,64,0.1,0.019,2.302,0.1,3
"Yogurt, fruit, low fat, 10 grams protein per 8 ounce",SGD,8,16,0.1,0.019,2.302,0.1,1
"Yogurt, fruit, low fat, 10 grams protein per 8 ounce, fortified with vitamin D",SGD,8,32,0.1,0.019,2.302,0.1,2
"Yogurt, fruit, low fat, 11 grams protein per 8 ounce",SGD,8,64,0.1,0.019,2.302,0.1,3
"Yogurt, fruit, low fat, 9 grams protein per 8 ounce",SGD,9,16,0.1,0.019,2.302,0.1,1
"Yogurt, fruit, low fat, 9 grams protein per 8 ounce, fortified with vitamin D",SGD,9,32,0.1,0.019,2.302,0.1,2
"Yogurt, fruit, lowfat, with low calorie sweetener",SGD,9,64,0.1,0.019,2.302,0.1,3
"Yogurt, fruit, lowfat, with low calorie sweetener, fortified with vitamin D",SGD,10,16,0.1,0.019,2.302,0.1,1
"Yogurt, plain, low fat, 12 grams protein per 8 ounce",SGD,10,32,0.1,0.019,2.302,0.1,2
"Yogurt, plain, skim milk, 13 grams protein per 8 ounce",SGD,10,64,0.1,0.019,2.302,0.1,3
"Yogurt, plain, whole milk, 8 grams protein per 8 ounce",SGD,30,16,0.1,0.019,2.302,0.1,1
"Yogurt, vanilla or lemon flavor, nonfat milk, sweetened with low-calorie sweetener",SGD,30,32,0.1,0.019,2.302,0.1,2
"Yogurt, vanilla or lemon flavor, nonfat milk, sweetened with low-calorie sweetener, fortified with vitamin D",SGD,30,64,0.1,0.019,2.302,0.1,3
"Yogurt, vanilla, low fat, 11 grams protein per 8 ounce",SGD,50,16,0.1,0.019,2.302,0.1,1
"Yogurt, vanilla, low fat, 11 grams protein per 8 ounce, fortified with vitamin D",SGD,50,32,0.1,0.019,2.302,0.1,2
"Basil, fresh",SGD,50,64,0.1,0.019,2.302,0.1,3
"CAMPBELL Soup Company, PACE, Dry Taco Seasoning Mix",SGD,70,16,0.1,0.019,2.302,0.1,1
"Capers, canned",SGD,70,32,0.1,0.019,2.302,0.1,2
"Dill weed, fresh",SGD,70,64,0.1,0.019,2.302,0.1,3
"Horseradish, prepared",SGD,90,16,0.1,0.019,2.302,0.1,1
"Mustard, prepared, yellow",SGD,90,32,0.1,0.019,2.302,0.1,2
"Peppermint, fresh",SGD,90,64,0.1,0.019,2.302,0.1,3
"Rosemary, fresh",SGD,110,16,0.1,0.019,2.302,0.1,1
"Salt, table",SGD,110,32,0.1,0.019,2.302,0.1,2
"Spearmint, dried",SGD,110,64,0.1,0.019,2.302,0.1,3
"Spearmint, fresh",SGD,130,16,0.1,0.019,2.302,0.1,1
"Spices, allspice, ground",SGD,130,32,0.1,0.019,2.302,0.1,2
"Spices, anise seed",SGD,130,64,0.1,0.019,2.302,0.1,3
"Spices, basil, dried",SGD,150,16,0.1,0.019,2.302,0.1,1
"Spices, bay leaf",SGD,150,32,0.1,0.019,2.302,0.1,2
"Spices, caraway seed",SGD,150,64,0.1,0.019,2.302,0.1,3
"Spices, cardamom",Adam,1,16,0.00001,0.196,1.946,0.253,1
"Spices, celery seed",Adam,1,32,0.00001,0.22,1.92,0.278,2
"Spices, chervil, dried",Adam,1,64,0.00001,0.244,1.898,0.302,3
"Spices, chili powder",Adam,2,16,0.00001,0.269,1.876,0.327,1
"Spices, cinnamon, ground",Adam,2,32,0.00001,0.294,1.853,0.352,2
"Spices, cloves, ground",Adam,2,64,0.00001,0.319,1.829,0.377,3
"Spices, coriander leaf, dried",Adam,3,16,0.00001,0.344,1.805,0.402,1
"Spices, coriander seed",Adam,3,32,0.00001,0.369,1.78,0.426,2
"Spices, cumin seed",Adam,3,64,0.00001,0.394,1.754,0.45,3
"Spices, curry powder",Adam,4,16,0.00001,0.418,1.727,0.474,1
"Spices, dill seed",Adam,4,32,0.00001,0.442,1.7,0.498,2
"Spices, dill weed, dried",Adam,4,64,0.00001,0.466,1.672,0.521,3
"Spices, fennel seed",Adam,5,16,0.00001,0.49,1.643,0.544,1
"Spices, fenugreek seed",Adam,5,32,0.00001,0.514,1.614,0.567,2
"Spices, garlic powder",Adam,5,64,0.00001,0.538,1.584,0.59,3
"Spices, ginger, ground",Adam,6,16,0.00001,0.561,1.554,0.612,1
"Spices, mace, ground",Adam,6,32,0.00001,0.584,1.523,0.633,2
"Spices, marjoram, dried",Adam,6,64,0.00001,0.607,1.491,0.655,3
"Spices, mustard seed, ground",Adam,7,16,0.00001,0.63,1.459,0.676,1
"Spices, nutmeg, ground",Adam,7,32,0.00001,0.653,1.425,0.698,2
"Spices, onion powder",Adam,7,64,0.00001,0.675,1.391,0.719,3
"Spices, oregano, dried",Adam,8,16,0.00001,0.697,1.356,0.74,1
"Spices, paprika",Adam,8,32,0.00001,0.719,1.32,0.761,2
"Spices, parsley, dried",Adam,8,64,0.00001,0.741,1.283,0.782,3
"Spices, pepper, black",Adam,9,16,0.00001,0.763,1.246,0.802,1
"Spices, pepper, red or cayenne",Adam,9,32,0.00001,0.785,1.208,0.822,2
"Spices, pepper, white",Adam,9,64,0.00001,0.806,1.168,0.842,3
"Spices, poppy seed",Adam,10,16,0.00001,0.827,1.127,0.862,1
"Spices, poultry seasoning",Adam,10,32,0.00001,0.847,1.084,0.881,2
"Spices, pumpkin pie spice",Adam,10,64,0.00001,0.867,1.039,0.9,3
"Spices, rosemary, dried",Adam,30,16,0.00001,0.923,0.678,0.938,1
"Spices, saffron",Adam,30,32,0.00001,0.939,0.568,0.95,2
"Spices, sage, ground",Adam,30,64,0.00001,0.949,0.501,0.958,3
"Spices, savory, ground",Adam,50,16,0.00001,0.959,0.442,0.967,1
"Spices, tarragon, dried",Adam,50,32,0.00001,0.965,0.395,0.973,2
"Spices, thyme, dried",Adam,50,64,0.00001,0.969,0.359,0.977,3
"Spices, turmeric, ground",Adam,70,16,0.00001,0.975,0.322,0.984,1
"Thyme, fresh",Adam,70,32,0.00001,0.977,0.304,0.986,2
Vanilla extract,Adam,70,64,0.00001,0.978,0.289,0.988,3
"Vanilla extract, imitation, alcohol",Adam,90,16,0.00001,0.98,0.267,0.99,1
"Vanilla extract, imitation, no alcohol",Adam,90,32,0.00001,0.982,0.254,0.992,2
"Vinegar, balsamic",Adam,90,64,0.00001,0.983,0.243,0.993,3
"Vinegar, cider",Adam,110,16,0.00001,0.984,0.231,0.994,1
"Vinegar, distilled",Adam,110,32,0.00001,0.985,0.222,0.995,2
"Vinegar, red wine",Adam,110,64,0.00001,0.985,0.213,0.995,3
"Baby food, fortified cereal bar, fruit filling",Adam,130,16,0.00001,0.986,0.205,0.996,1
"Babyfood, apple yogurt dessert, strained",Adam,130,32,0.00001,0.987,0.198,0.996,2
"Babyfood, apple-banana juice",Adam,130,64,0.00001,0.987,0.191,0.997,3
"Babyfood, apple-cranberry juice",Adam,150,16,0.00001,0.988,0.184,0.997,1
"Babyfood, apples with ham, strained",Adam,150,32,0.00001,0.988,0.178,0.997,2
"Babyfood, apples, dices, toddler",Adam,150,64,0.00001,0.989,0.172,0.998,3
"Babyfood, baked product, finger snacks cereal",Adam,1,16,0.0001,0.198,1.947,0.256,1
"Babyfood, banana apple dessert, strained",Adam,1,32,0.0001,0.221,1.92,0.279,2
"Babyfood, banana juice with low fat yogurt",Adam,1,64,0.0001,0.244,1.897,0.302,3
"Babyfood, banana no tapioca, strained",Adam,2,16,0.0001,0.268,1.876,0.326,1
"Babyfood, carrots and beef, strained",Adam,2,32,0.0001,0.293,1.854,0.35,2
"Babyfood, carrots, toddler",Adam,2,64,0.0001,0.318,1.83,0.375,3
"Babyfood, cereal, barley, dry",Adam,3,16,0.0001,0.343,1.806,0.399,1
"Babyfood, cereal, barley, prepared with whole milk",Adam,3,32,0.0001,0.368,1.781,0.423,2
"Babyfood, cereal, brown rice, dry, instant",Adam,3,64,0.0001,0.393,1.755,0.448,3
"Babyfood, cereal, egg yolks and bacon, junior",Adam,4,16,0.0001,0.417,1.728,0.472,1
"Babyfood, cereal, high protein, prepared with whole milk",Adam,4,32,0.0001,0.441,1.701,0.496,2
"Babyfood, cereal, high protein, with apple and orange, dry",Adam,4,64,0.0001,0.465,1.673,0.519,3
"Babyfood, cereal, high protein, with apple and orange, prepared with whole milk",Adam,5,16,0.0001,0.489,1.645,0.542,1
"Babyfood, cereal, mixed, dry",Adam,5,32,0.0001,0.513,1.616,0.565,2
"Babyfood, cereal, mixed, prepared with whole milk",Adam,5,64,0.0001,0.537,1.586,0.588,3
"Babyfood, cereal, mixed, with applesauce and bananas, junior",Adam,6,16,0.0001,0.56,1.556,0.61,1
"Babyfood, cereal, mixed, with applesauce and bananas, strained",Adam,6,32,0.0001,0.584,1.525,0.632,2
"Babyfood, cereal, mixed, with bananas, dry",Adam,6,64,0.0001,0.607,1.494,0.654,3
"Babyfood, cereal, mixed, with bananas, prepared with whole milk",Adam,7,16,0.0001,0.63,1.463,0.675,1
"Babyfood, cereal, mixed, with honey, prepared with whole milk",Adam,7,32,0.0001,0.652,1.431,0.696,2
"Babyfood, cereal, oatmeal, dry",Adam,7,64,0.0001,0.673,1.398,0.716,3
"Babyfood, cereal, oatmeal, prepared with whole milk",Adam,8,16,0.0001,0.695,1.364,0.736,1
"Babyfood, cereal, oatmeal, with applesauce and bananas, junior",Adam,8,32,0.0001,0.716,1.329,0.756,2
"Babyfood, cereal, oatmeal, with applesauce and bananas, strained",Adam,8,64,0.0001,0.737,1.294,0.776,3
"Babyfood, cereal, oatmeal, with bananas, dry",Adam,9,16,0.0001,0.758,1.259,0.796,1
"Babyfood, cereal, oatmeal, with bananas, prepared with whole milk",Adam,9,32,0.0001,0.779,1.223,0.815,2
"Babyfood, cereal, oatmeal, with honey, dry",Adam,9,64,0.0001,0.8,1.187,0.834,3
"Babyfood, cereal, oatmeal, with honey, prepared with whole milk",Adam,10,16,0.0001,0.82,1.15,0.853,1
"Babyfood, cereal, rice, dry",Adam,10,32,0.0001,0.84,1.113,0.872,2
"Babyfood, cereal, rice, prepared with whole milk",Adam,10,64,0.0001,0.86,1.075,0.89,3
"Babyfood, cereal, rice, with applesauce and bananas, strained",Adam,30,16,0.0001,0.918,0.701,0.946,1
"Babyfood, cereal, rice, with bananas, dry",Adam,30,32,0.0001,0.932,0.588,0.957,2
"Babyfood, cereal, rice, with bananas, prepared with whole milk",Adam,30,64,0.0001,0.941,0.517,0.965,3
"Babyfood, cereal, rice, with honey, prepared with whole milk",Adam,50,16,0.0001,0.951,0.46,0.973,1
"Babyfood, cereal, rice, with mixed fruit, junior",Adam,50,32,0.0001,0.957,0.411,0.979,2
"Babyfood, cereal, whole wheat, with apples, dry",Adam,50,64,0.0001,0.962,0.375,0.983,3
"Babyfood, cereal, with egg yolks, junior",Adam,70,16,0.0001,0.967,0.34,0.986,1
"Babyfood, cereal, with egg yolks, strained",Adam,70,32,0.0001,0.97,0.319,0.988,2
"Babyfood, cereal, with eggs, strained",Adam,70,64,0.0001,0.972,0.3,0.99,3
"Babyfood, cherry cobbler, junior",Adam,90,16,0.0001,0.974,0.279,0.992,1
"Babyfood, cookie, baby, fruit",Adam,90,32,0.0001,0.976,0.261,0.994,2
"Babyfood, cookies",Adam,90,64,0.0001,0.978,0.244,0.995,3
"Babyfood, cookies, arrowroot",Adam,110,16,0.0001,0.979,0.228,0.996,1
"Babyfood, corn and sweet potatoes, strained",Adam,110,32,0.0001,0.98,0.213,0.997,2
"Babyfood, crackers, vegetable",Adam,110,64,0.0001,0.982,0.199,0.997,3
"Babyfood, dessert, banana pudding, strained",Adam,130,16,0.0001,0.983,0.186,0.998,1
"Babyfood, dessert, banana yogurt, strained",Adam,130,32,0.0001,0.984,0.173,0.998,2
"Babyfood, dessert, blueberry yogurt, strained",Adam,130,64,0.0001,0.985,0.161,0.998,3
"Babyfood, dessert, cherry vanilla pudding, junior",Adam,150,16,0.0001,0.986,0.15,0.998,1
"Babyfood, dessert, cherry vanilla pudding, strained",Adam,150,32,0.0001,0.987,0.139,0.999,2
"Babyfood, dessert, custard pudding, vanilla, junior",Adam,150,64,0.0001,0.988,0.128,0.999,3
"Babyfood, dessert, custard pudding, vanilla, strained",Adam,1,16,0.001,0.295,1.719,0.366,1
"Babyfood, dessert, dutch apple, junior",Adam,1,32,0.001,0.314,1.697,0.386,2
"Babyfood, dessert, dutch apple, strained",Adam,1,64,0.001,0.333,1.674,0.406,3
"Babyfood, dessert, fruit dessert, without ascorbic acid, junior",Adam,2,16,0.001,0.352,1.653,0.424,1
"Babyfood, dessert, fruit dessert, without ascorbic acid, strained",Adam,2,32,0.001,0.372,1.63,0.444,2
"Babyfood, dessert, fruit pudding, orange, strained",Adam,2,64,0.001,0.392,1.607,0.464,3
"Babyfood, dessert, fruit pudding, pineapple, strained",Adam,3,16,0.001,0.411,1.584,0.482,1
"Babyfood, dessert, peach cobbler, junior",Adam,3,32,0.001,0.431,1.559,0.502,2
"Babyfood, dessert, peach cobbler, strained",Adam,3,64,0.001,0.45,1.533,0.52,3
"Babyfood, dessert, peach yogurt",Adam,4,16,0.001,0.469,1.508,0.539,1
"Babyfood, dessert, tropical fruit, junior",Adam,4,32,0.001,0.488,1.48,0.557,2
"Babyfood, dinner, apples and chicken, strained",Adam,4,64,0.001,0.506,1.452,0.575,3
"Babyfood, dinner, beef and rice, toddler",Adam,5,16,0.001,0.524,1.423,0.592,1
"Babyfood, dinner, beef lasagna, toddler",Adam,5,32,0.001,0.541,1.393,0.609,2
"Babyfood, dinner, beef noodle, junior",Adam,5,64,0.001,0.558,1.362,0.626,3
"Babyfood, dinner, beef noodle, strained",Adam,6,16,0.001,0.575,1.33,0.643,1
"Babyfood, dinner, beef stew, toddler",Adam,6,32,0.001,0.591,1.296,0.659,2
"Babyfood, dinner, beef with vegetables",Adam,6,64,0.001,0.607,1.261,0.675,3
"Babyfood, dinner, broccoli and chicken, junior",Adam,7,16,0.001,0.623,1.224,0.691,1
"Babyfood, dinner, chicken and noodle with vegetables, toddler",Adam,7,32,0.001,0.638,1.185,0.707,2
"Babyfood, dinner, chicken and rice",Adam,7,64,0.001,0.653,1.144,0.722,3
"Babyfood, dinner, chicken noodle, junior",Adam,8,16,0.001,0.668,1.102,0.737,1
"Babyfood, dinner, chicken noodle, strained",Adam,8,32,0.001,0.683,1.058,0.752,2
"Babyfood, dinner, chicken soup, strained",Adam,8,64,0.001,0.697,1.013,0.767,3
"Babyfood, dinner, chicken stew, toddler",Adam,9,16,0.001,0.712,0.967,0.782,1
"Babyfood, dinner, macaroni and cheese, junior",Adam,9,32,0.001,0.726,0.919,0.796,2
"Babyfood, dinner, macaroni and cheese, strained",Adam,9,64,0.001,0.74,0.871,0.81,3
"Babyfood, dinner, macaroni and tomato and beef, junior",Adam,10,16,0.001,0.754,0.822,0.824,1
"Babyfood, dinner, macaroni and tomato and beef, strained",Adam,10,32,0.001,0.767,0.774,0.837,2
"Babyfood, dinner, macaroni, beef and tomato sauce, toddler",Adam,10,64,0.001,0.78,0.726,0.85,3
"Babyfood, dinner, mixed vegetable, junior",Adam,30,16,0.001,0.892,0.352,0.927,1
"Babyfood, dinner, mixed vegetable, strained",Adam,30,32,0.001,0.907,0.286,0.941,2
"Babyfood, dinner, pasta with vegetables",Adam,30,64,0.001,0.917,0.246,0.951,3
"Babyfood, dinner, potatoes with cheese and ham, toddler",Adam,50,16,0.001,0.924,0.209,0.958,1
"Babyfood, dinner, spaghetti and tomato and meat, junior",Adam,50,32,0.001,0.932,0.182,0.966,2
"Babyfood, dinner, spaghetti and tomato and meat, toddler",Adam,50,64,0.001,0.936,0.167,0.97,3
"Babyfood, dinner, sweet potatoes and chicken, strained",Adam,70,16,0.001,0.94,0.152,0.974,1
"Babyfood, dinner, turkey and rice, junior",Adam,70,32,0.001,0.944,0.138,0.978,2
"Babyfood, dinner, turkey and rice, strained",Adam,70,64,0.001,0.947,0.127,0.98,3
"Babyfood, dinner, turkey, rice, and vegetables, toddler",Adam,90,16,0.001,0.949,0.115,0.982,1
"Babyfood, dinner, vegetables and bacon, strained",Adam,90,32,0.001,0.951,0.105,0.984,2
"Babyfood, dinner, vegetables and beef, junior",Adam,90,64,0.001,0.954,0.095,0.986,3
"Babyfood, dinner, vegetables and beef, strained",Adam,110,16,0.001,0.956,0.088,0.987,1
"Babyfood, dinner, vegetables and chicken, junior",Adam,110,32,0.001,0.957,0.081,0.988,2
"Babyfood, dinner, vegetables and dumplings and beef, junior",Adam,110,64,0.001,0.959,0.075,0.989,3
"Babyfood, dinner, vegetables and dumplings and beef, strained",Adam,130,16,0.001,0.96,0.07,0.99,1
"Babyfood, dinner, vegetables and ham, junior",Adam,130,32,0.001,0.962,0.065,0.991,2
"Babyfood, dinner, vegetables and ham, strained",Adam,130,64,0.001,0.963,0.06,0.992,3
"Babyfood, dinner, vegetables and lamb, junior",Adam,150,16,0.001,0.964,0.056,0.993,1
"Babyfood, dinner, vegetables and lamb, strained",Adam,150,32,0.001,0.966,0.052,0.994,2
"Babyfood, dinner, vegetables and noodles and turkey, junior",Adam,150,64,0.001,0.967,0.049,0.994,3
"Babyfood, dinner, vegetables and noodles and turkey, strained",Adam,1,16,0.01,0.209,1.904,0.288,1
"Babyfood, dinner, vegetables and turkey, junior",Adam,1,32,0.01,0.234,1.865,0.317,2
"Babyfood, dinner, vegetables and turkey, strained",Adam,1,64,0.01,0.259,1.824,0.346,3
"Babyfood, dinner, vegetables and turkey, toddler",Adam,2,16,0.01,0.284,1.782,0.374,1
"Babyfood, dinner, vegetables chicken, strained",Adam,2,32,0.01,0.309,1.736,0.402,2
"Babyfood, dinner, vegetables, noodles and chicken, junior",Adam,2,64,0.01,0.334,1.688,0.43,3
"Babyfood, dinner, vegetables, noodles and chicken, strained",Adam,3,16,0.01,0.359,1.637,0.456,1
"Babyfood, fruit and vegetable, apple and sweet potato",Adam,3,32,0.01,0.384,1.585,0.484,2
"Babyfood, fruit dessert, mango with tapioca",Adam,3,64,0.01,0.409,1.531,0.51,3
"Babyfood, fruit supreme dessert",Adam,4,16,0.01,0.434,1.474,0.537,1
"Babyfood, fruit, apple and blueberry, junior",Adam,4,32,0.01,0.458,1.417,0.564,2
"Babyfood, fruit, apple and blueberry, strained",Adam,4,64,0.01,0.482,1.358,0.59,3
"Babyfood, fruit, apple and raspberry, junior",Adam,5,16,0.01,0.506,1.296,0.617,1
"Babyfood, fruit, apple and raspberry, strained",Adam,5,32,0.01,0.529,1.235,0.641,2
"Babyfood, fruit, applesauce and apricots, junior",Adam,5,64,0.01,0.552,1.174,0.665,3
"Babyfood, fruit, applesauce and apricots, strained",Adam,6,16,0.01,0.575,1.111,0.69,1
"Babyfood, fruit, applesauce and cherries, junior",Adam,6,32,0.01,0.597,1.052,0.713,2
"Babyfood, fruit, applesauce and cherries, strained",Adam,6,64,0.01,0.619,0.994,0.735,3
"Babyfood, fruit, applesauce and pineapple, junior",Adam,7,16,0.01,0.64,0.931,0.757,1
"Babyfood, fruit, applesauce and pineapple, strained",Adam,7,32,0.01,0.66,0.871,0.778,2
"Babyfood, fruit, applesauce with banana, junior",Adam,7,64,0.01,0.679,0.812,0.799,3
"Babyfood, fruit, applesauce, junior",Adam,8,16,0.01,0.698,0.752,0.82,1
"Babyfood, fruit, applesauce, strained",Adam,8,32,0.01,0.717,0.695,0.84,2
"Babyfood, fruit, apricot with tapioca, junior",Adam,8,64,0.01,0.735,0.64,0.86,3
"Babyfood, fruit, apricot with tapioca, strained",Adam,9,16,0.01,0.753,0.584,0.88,1
"Babyfood, fruit, bananas and pineapple with tapioca, junior",Adam,9,32,0.01,0.77,0.531,0.899,2
"Babyfood, fruit, bananas and pineapple with tapioca, strained",Adam,9,64,0.01,0.787,0.48,0.917,3
"Babyfood, fruit, bananas with apples and pears, strained",Adam,10,16,0.01,0.804,0.432,0.935,1
"Babyfood, fruit, bananas with tapioca, junior",Adam,10,32,0.01,0.82,0.384,0.952,2
"Babyfood, fruit, bananas with tapioca, strained",Adam,10,64,0.01,0.835,0.34,0.968,3
"Babyfood, fruit, guava and papaya with tapioca, strained",Adam,30,16,0.01,0.962,0.1,0.988,1
"Babyfood, fruit, papaya and applesauce with tapioca, strained",Adam,30,32,0.01,0.964,0.089,0.99,2
"Babyfood, fruit, peaches, junior",Adam,30,64,0.01,0.967,0.08,0.992,3
"Babyfood, fruit, peaches, strained",Adam,50,16,0.01,0.969,0.069,0.994,1
"Babyfood, fruit, pears and pineapple, junior",Adam,50,32,0.01,0.971,0.063,0.995,2
"Babyfood, fruit, pears and pineapple, strained",Adam,50,64,0.01,0.973,0.057,0.996,3
"Babyfood, fruit, pears, junior",Adam,70,16,0.01,0.974,0.052,0.996,1
"Babyfood, fruit, pears, strained",Adam,70,32,0.01,0.976,0.047,0.997,2
"Babyfood, fruit, plums with tapioca, without ascorbic acid, junior",Adam,70,64,0.01,0.977,0.043,0.997,3
"Babyfood, fruit, plums with tapioca, without ascorbic acid, strained",Adam,90,16,0.01,0.978,0.038,0.997,1
"Babyfood, fruit, prunes with tapioca, without ascorbic acid, junior",Adam,90,32,0.01,0.979,0.035,0.997,2
"Babyfood, fruit, prunes with tapioca, without ascorbic acid, strained",Adam,90,64,0.01,0.98,0.032,0.998,3
"Babyfood, fruit, tutti frutti, junior",Adam,110,16,0.01,0.981,0.029,0.998,1
"Babyfood, fruit, tutti frutti, strained",Adam,110,32,0.01,0.982,0.026,0.998,2
"Babyfood, green beans, dices, toddler",Adam,110,64,0.01,0.982,0.024,0.998,3
"Babyfood, juice treats, fruit medley, toddler",Adam,130,16,0.01,0.983,0.022,0.998,1
"Babyfood, juice, apple",Adam,130,32,0.01,0.984,0.02,0.998,2
"Babyfood, juice, apple - cherry",Adam,130,64,0.01,0.985,0.018,0.998,3
"Babyfood, juice, apple and cherry",Adam,150,16,0.01,0.985,0.016,0.998,1
"Babyfood, juice, apple and grape",Adam,150,32,0.01,0.986,0.015,0.998,2
"Babyfood, juice, apple and peach",Adam,150,64,0.01,0.987,0.014,0.998,3
"Babyfood, juice, apple and plum",Adam,1,16,0.1,0.157,2.138,0.242,1
"Babyfood, juice, apple and prune",Adam,1,32,0.1,0.176,2.082,0.266,2
"Babyfood, juice, apple, with calcium",Adam,1,64,0.1,0.195,2.024,0.29,3
"Babyfood, juice, apple-sweet potato",Adam,2,16,0.1,0.213,1.976,0.316,1
"Babyfood, juice, fruit punch, with calcium",Adam,2,32,0.1,0.232,1.917,0.342,2
"Babyfood, juice, mixed fruit",Adam,2,64,0.1,0.252,1.854,0.367,3
"Babyfood, juice, orange",Adam,3,16,0.1,0.272,1.796,0.393,1
"Babyfood, juice, orange and apple",Adam,3,32,0.1,0.292,1.734,0.417,2
"Babyfood, juice, orange and apple and banana",Adam,3,64,0.1,0.313,1.669,0.441,3
"Babyfood, juice, orange and apricot",Adam,4,16,0.1,0.333,1.602,0.464,1
"Babyfood, juice, orange and banana",Adam,4,32,0.1,0.353,1.535,0.487,2
"Babyfood, juice, orange and pineapple",Adam,4,64,0.1,0.374,1.465,0.51,3
"Babyfood, juice, orange-carrot",Adam,5,16,0.1,0.394,1.389,0.533,1
"Babyfood, juice, pear",Adam,5,32,0.1,0.415,1.319,0.555,2
"Babyfood, juice, prune and orange",Adam,5,64,0.1,0.436,1.246,0.577,3
"Babyfood, macaroni and cheese, toddler",Adam,6,16,0.1,0.457,1.166,0.598,1
"Babyfood, mashed cheddar potatoes and broccoli, toddlers",Adam,6,32,0.1,0.477,1.089,0.62,2
"Babyfood, meat, beef with vegetables, toddler",Adam,6,64,0.1,0.498,1.011,0.641,3
"Babyfood, meat, beef, junior",Adam,7,16,0.1,0.518,0.933,0.661,1
"Babyfood, meat, beef, strained",Adam,7,32,0.1,0.539,0.853,0.682,2
"Babyfood, meat, chicken sticks, junior",Adam,7,64,0.1,0.559,0.774,0.702,3
"Babyfood, meat, chicken, junior",Adam,8,16,0.1,0.579,0.695,0.723,1
"Babyfood, meat, chicken, strained",Adam,8,32,0.1,0.598,0.623,0.742,2
"Babyfood, meat, ham, junior",Adam,8,64,0.1,0.617,0.55,0.761,3
"Babyfood, meat, ham, strained",Adam,9,16,0.1,0.636,0.481,0.779,1
"Babyfood, meat, lamb, junior",Adam,9,32,0.1,0.654,0.411,0.797,2
"Babyfood, meat, lamb, strained",Adam,9,64,0.1,0.671,0.343,0.815,3
"Babyfood, meat, meat sticks, junior",Adam,10,16,0.1,0.688,0.277,0.833,1
"Babyfood, meat, pork, strained",Adam,10,32,0.1,0.704,0.214,0.85,2
"Babyfood, meat, turkey sticks, junior",Adam,10,64,0.1,0.719,0.153,0.867,3
"Babyfood, meat, turkey, junior",Adam,30,16,0.1,0.946,0.045,0.946,1
"Babyfood, meat, turkey, strained",Adam,30,32,0.1,0.956,0.032,0.957,2
"Babyfood, meat, veal, strained",Adam,30,64,0.1,0.966,0.023,0.967,3
"Babyfood, mixed fruit juice with low fat yogurt",Adam,50,16,0.1,0.977,0.018,0.977,1
"Babyfood, mixed fruit yogurt, strained",Adam,50,32,0.1,0.982,0.013,0.982,2
"Babyfood, oatmeal cereal with fruit, dry, instant, toddler",Adam,50,64,0.1,0.986,0.01,0.986,3
"Babyfood, peaches, dices, toddler",Adam,70,16,0.1,0.989,0.008,0.989,1
"Babyfood, pears, dices, toddler",Adam,70,32,0.1,0.992,0.006,0.992,2
"Babyfood, peas and brown rice",Adam,70,64,0.1,0.994,0.004,0.994,3
"Babyfood, peas, dices, toddler",Adam,90,16,0.1,0.995,0.004,0.995,1
"Babyfood, plums, bananas and rice, strained",Adam,90,32,0.1,0.996,0.003,0.996,2
"Babyfood, potatoes, toddler",Adam,90,64,0.1,0.996,0.003,0.996,3
"Babyfood, pretzels",Adam,110,16,0.1,0.997,0.002,0.997,1
"Babyfood, prunes, without vitamin c, strained",Adam,110,32,0.1,0.997,0.002,0.997,2
"Babyfood, ravioli, cheese filled, with tomato sauce",Adam,110,64,0.1,0.997,0.002,0.997,3
"Babyfood, rice and apples, dry",Adam,130,16,0.1,0.998,0.002,0.998,1
"Babyfood, teething biscuits",Adam,130,32,0.1,0.998,0.001,0.998,2
"Babyfood, vegetable and brown rice, strained",Adam,130,64,0.1,0.998,0.001,0.998,3
"Babyfood, vegetable, butternut squash and corn",Adam,150,16,0.1,0.998,0.001,0.998,1
"Babyfood, vegetable, green beans and potatoes",Adam,150,32,0.1,0.998,0.001,0.998,2
"Babyfood, vegetables, beets, strained",Adam,150,64,0.1,0.998,0.001,0.998,3
"Babyfood, vegetables, carrots, junior",RMSprop,1,16,0.00001,0.153,2.142,0.239,1
"Babyfood, vegetables, carrots, strained",RMSprop,1,32,0.00001,0.171,2.086,0.263,2
"Babyfood, vegetables, corn, creamed, junior",RMSprop,1,64,0.00001,0.19,2.03,0.287,3
"Babyfood, vegetables, corn, creamed, strained",RMSprop,2,16,0.00001,0.207,1.979,0.31,1
"Babyfood, vegetables, garden vegetable, strained",RMSprop,2,32,0.00001,0.226,1.922,0.334,2
"Babyfood, vegetables, green beans, junior",RMSprop,2,64,0.00001,0.246,1.862,0.359,3
"Babyfood, vegetables, green beans, strained",RMSprop,3,16,0.00001,0.266,1.802,0.384,1
"Babyfood, vegetables, mix vegetables junior",RMSprop,3,32,0.00001,0.287,1.738,0.408,2
"Babyfood, vegetables, mix vegetables strained",RMSprop,3,64,0.00001,0.308,1.673,0.432,3
"Babyfood, vegetables, peas, strained",RMSprop,4,16,0.00001,0.329,1.607,0.456,1
"Babyfood, vegetables, spinach, creamed, strained",RMSprop,4,32,0.00001,0.35,1.541,0.479,2
"Babyfood, vegetables, squash, junior",RMSprop,4,64,0.00001,0.371,1.472,0.502,3
"Babyfood, vegetables, squash, strained",RMSprop,5,16,0.00001,0.393,1.398,0.526,1
"Babyfood, vegetables, sweet potatoes strained",RMSprop,5,32,0.00001,0.414,1.328,0.549,2
"Babyfood, vegetables, sweet potatoes, junior",RMSprop,5,64,0.00001,0.435,1.256,0.572,3
"Babyfood, yogurt, whole milk, with fruit, multigrain cereal and added DHA",RMSprop,6,16,0.00001,0.456,1.182,0.594,1
"Babyfood, yogurt, whole milk, with fruit, multigrain cereal and added iron",RMSprop,6,32,0.00001,0.477,1.105,0.616,2
"Child formula, ABBOTT NUTRITION, PEDIASURE, ready-to-feed (formerly ROSS)",RMSprop,6,64,0.00001,0.488,1.075,0.626,3
"Child formula, ABBOTT NUTRITION, PEDIASURE, ready-to-feed, with iron and fiber (formerly ROSS)",RMSprop,7,16,0.00001,0.497,1.028,0.638,1
"Child formula, MEAD JOHNSON, PORTAGEN, with iron, powder, not reconstituted",RMSprop,7,32,0.00001,0.518,0.951,0.661,2
"Child formula, MEAD JOHNSON, PORTAGEN, with iron, prepared from powder",RMSprop,7,64,0.00001,0.539,0.874,0.684,3
"Fluid replacement, electrolyte solution (include PEDIALYTE)",RMSprop,8,16,0.00001,0.56,0.8,0.706,1
Gerber graduates Fruit Strips Real Fruit Bars,RMSprop,8,32,0.00001,0.581,0.727,0.729,2
"Infant Formula, MEAD JOHNSON, ENFAMIL GENTLEASE LIPIL, with iron, prepared from powder",RMSprop,8,64,0.00001,0.602,0.654,0.752,3
"Infant Formula, MEAD JOHNSON, ENFAMIL, ENFACARE LIPIL, ready-to-feed, with ARA and DHA",RMSprop,9,16,0.00001,0.623,0.585,0.774,1
"Infant formula, ABBOTT NUTRITION, ALIMENTUM ADVANCE, with iron, powder, not reconstituted, with DHA and ARA (formerly ROSS)",RMSprop,9,32,0.00001,0.644,0.514,0.797,2
"Infant formula, ABBOTT NUTRITION, SIMILAC NATURAL CARE, ADVANCE, ready-to-feed, with ARA and DHA (formerly ROSS)",RMSprop,9,64,0.00001,0.665,0.444,0.82,3
"Infant formula, ABBOTT NUTRITION, SIMILAC NEOSURE, ready-to-feed, with ARA and DHA (formerly ROSS)",RMSprop,10,16,0.00001,0.686,0.325,0.842,1
"Infant formula, ABBOTT NUTRITION, SIMILAC, ADVANCE, with iron, liquid concentrate, not reconstituted (formerly ROSS)",RMSprop,10,32,0.00001,0.707,0.251,0.865,2
"Infant formula, ABBOTT NUTRITION, SIMILAC, ADVANCE, with iron, powder, not reconstituted (formerly ROSS)",RMSprop,10,64,0.00001,0.729,0.179,0.887,3
"Infant formula, ABBOTT NUTRITION, SIMILAC, ADVANCE, with iron, ready-to-feed (formerly ROSS)",RMSprop,30,16,0.00001,0.97,0.069,0.97,1
"Infant formula, ABBOTT NUTRITION, SIMILAC, ALIMENTUM, ADVANCE, ready-to-feed, with ARA and DHA (formerly ROSS)",RMSprop,30,32,0.00001,0.978,0.046,0.978,2
"Infant formula, ABBOTT NUTRITION, SIMILAC, ALIMENTUM, with iron, ready-to-feed (formerly ROSS)",RMSprop,30,64,0.00001,0.984,0.031,0.984,3
"Infant formula, ABBOTT NUTRITION, SIMILAC, ISOMIL, ADVANCE with iron, liquid concentrate (formerly ROSS)",RMSprop,50,16,0.00001,0.99,0.024,0.99,1
"Infant formula, ABBOTT NUTRITION, SIMILAC, ISOMIL, ADVANCE with iron, powder, not reconstituted (formerly ROSS)",RMSprop,50,32,0.00001,0.993,0.016,0.993,2
"Infant formula, ABBOTT NUTRITION, SIMILAC, ISOMIL, ADVANCE with iron, ready-to-feed (formerly ROSS)",RMSprop,50,64,0.00001,0.995,0.012,0.995,3
"Infant formula, ABBOTT NUTRITION, SIMILAC, ISOMIL, with iron, liquid concentrate (formerly ROSS)",RMSprop,70,16,0.00001,0.996,0.009,0.996,1
"Infant formula, ABBOTT NUTRITION, SIMILAC, ISOMIL, with iron, powder, not reconstituted (formerly ROSS)",RMSprop,70,32,0.00001,0.996,0.009,0.996,2
"Infant formula, ABBOTT NUTRITION, SIMILAC, ISOMIL, with iron, ready-to-feed (formerly ROSS)",RMSprop,70,64,0.00001,0.997,0.007,0.997,3
"Infant formula, ABBOTT NUTRITION, SIMILAC, NEOSURE, powder, with ARA and DHA (formerly ROSS)",RMSprop,90,16,0.00001,0.997,0.005,0.997,1
"Infant formula, ABBOTT NUTRITION, SIMILAC, PM 60/40, powder not reconstituted (formerly ROSS)",RMSprop,90,32,0.00001,0.997,0.004,0.997,2
"Infant formula, ABBOTT NUTRITION, SIMILAC, SENSITIVE (LACTOSE FREE) ready-to-feed, with ARA and DHA (formerly ROSS)",RMSprop,90,64,0.00001,0.998,0.003,0.998,3
"Infant formula, ABBOTT NUTRITION, SIMILAC, SENSITIVE, (LACTOSE FREE), liquid concentrate, with ARA and DHA (formerly ROSS)",RMSprop,110,16,0.00001,0.998,0.003,0.998,1
"Infant formula, ABBOTT NUTRITION, SIMILAC, SENSITIVE, (LACTOSE FREE), powder, with ARA and DHA (formerly ROSS)",RMSprop,110,32,0.00001,0.998,0.002,0.998,2
"Infant formula, ABBOTT NUTRITION, SIMILAC, SPECIAL CARE, ADVANCE 24, with iron, ready-to-feed, with ARA and DHA (formerly ROSS)",RMSprop,110,64,0.00001,0.998,0.002,0.998,3
"Infant formula, ABBOTT NUTRITION, SIMILAC, low iron, liquid concentrate, not reconstituted (formerly ROSS)",RMSprop,130,16,0.00001,0.998,0.001,0.998,1
"Infant formula, ABBOTT NUTRITION, SIMILAC, low iron, powder, not reconstituted (formerly ROSS)",RMSprop,130,32,0.00001,0.998,0.001,0.998,2
"Infant formula, ABBOTT NUTRITION, SIMILAC, low iron, ready-to-feed (formerly ROSS)",RMSprop,130,64,0.00001,0.998,0.001,0.998,3
"Infant formula, ABBOTT NUTRITION, SIMILAC, with iron, liquid concentrate, not reconstituted (formerly ROSS)",RMSprop,150,16,0.00001,0.998,0.001,0.998,1
"Infant formula, ABBOTT NUTRITION, SIMILAC, with iron, powder, not reconstituted (formerly ROSS)",RMSprop,150,32,0.00001,0.998,0.001,0.998,2
"Infant formula, ABBOTT NUTRITION, SIMILAC, with iron, ready-to-feed (formerly ROSS)",RMSprop,150,64,0.00001,0.998,0.001,0.998,3
"Infant formula, MEAD JOHNSON, ENFAMIL LIPIL, with iron, ready-to-feed, with ARA and DHA",RMSprop,1,16,0.0001,0.153,2.152,0.239,1
"Infant formula, MEAD JOHNSON, ENFAMIL, AR LIPIL, powder, with ARA and DHA",RMSprop,1,32,0.0001,0.171,2.097,0.263,2
"Infant formula, MEAD JOHNSON, ENFAMIL, AR LIPIL, ready-to-feed, with ARA and DHA",RMSprop,1,64,0.0001,0.19,2.041,0.288,3
"Infant formula, MEAD JOHNSON, ENFAMIL, ENFACARE LIPIL, powder, with ARA and DHA",RMSprop,2,16,0.0001,0.207,1.992,0.31,1
"Infant formula, MEAD JOHNSON, ENFAMIL, LACTOFREE LIPIL, with iron, powder, with ARA and DHA",RMSprop,2,32,0.0001,0.226,1.937,0.334,2
"Infant formula, MEAD JOHNSON, ENFAMIL, LACTOFREE, LIPIL, with iron, liquid concentrate, not reconstituted, with ARA and DHA",RMSprop,2,64,0.0001,0.246,1.879,0.359,3
"Infant formula, MEAD JOHNSON, ENFAMIL, LACTOFREE, ready-to-feed",RMSprop,3,16,0.0001,0.266,1.819,0.384,1
"Infant formula, MEAD JOHNSON, ENFAMIL, LACTOFREE, with iron, liquid concentrate, not reconstituted",RMSprop,3,32,0.0001,0.287,1.755,0.409,2
"Infant formula, MEAD JOHNSON, ENFAMIL, LACTOFREE, with iron, powder, not reconstituted",RMSprop,3,64,0.0001,0.308,1.69,0.433,3
"Infant formula, MEAD JOHNSON, ENFAMIL, LIPIL, low iron, liquid concentrate, with ARA and DHA",RMSprop,4,16,0.0001,0.329,1.624,0.457,1
"Infant formula, MEAD JOHNSON, ENFAMIL, LIPIL, low iron, powder, with ARA and DHA",RMSprop,4,32,0.0001,0.35,1.558,0.48,2
"Infant formula, MEAD JOHNSON, ENFAMIL, LIPIL, low iron, ready to feed, with ARA and DHA",RMSprop,4,64,0.0001,0.371,1.488,0.503,3
"Infant formula, MEAD JOHNSON, ENFAMIL, LIPIL, ready-to-feed, with ARA and DHA",RMSprop,5,16,0.0001,0.393,1.414,0.526,1
"Infant formula, MEAD JOHNSON, ENFAMIL, LIPIL, with iron, liquid concentrate, with ARA and DHA",RMSprop,5,32,0.0001,0.414,1.344,0.55,2
"Infant formula, MEAD JOHNSON, ENFAMIL, LIPIL, with iron, powder, with ARA and DHA",RMSprop,5,64,0.0001,0.435,1.272,0.573,3
"Infant formula, MEAD JOHNSON, ENFAMIL, NUTRAMIGEN LIPIL, with iron, powder, not reconstituted, with ARA and DHA",RMSprop,6,16,0.0001,0.456,1.206,0.594,1
"Infant formula, MEAD JOHNSON, ENFAMIL, NUTRAMIGEN LIPIL, with iron, ready to feed, with ARA and DHA",RMSprop,6,32,0.0001,0.477,1.129,0.617,2
"Infant formula, MEAD JOHNSON, ENFAMIL, NUTRAMIGEN, LIPIL, with iron, liquid concentrate not reconstituted, with ARA and DHA",RMSprop,6,64,0.0001,0.488,1.103,0.626,3
"Infant formula, MEAD JOHNSON, ENFAMIL, NUTRAMIGEN, with iron, liquid concentrate, not reconstituted",RMSprop,7,16,0.0001,0.497,1.028,0.638,1
"Infant formula, MEAD JOHNSON, ENFAMIL, NUTRAMIGEN, with iron, powder, not reconstituted",RMSprop,7,32,0.0001,0.518,0.951,0.661,2
"Infant formula, MEAD JOHNSON, ENFAMIL, NUTRAMIGEN, with iron, ready-to-feed",RMSprop,7,64,0.0001,0.539,0.874,0.684,3
"Infant formula, MEAD JOHNSON, ENFAMIL, PROSOBEE LIPIL, with iron, powder, not reconstituted, with ARA and DHA",RMSprop,8,16,0.0001,0.56,0.8,0.706,1
"Infant formula, MEAD JOHNSON, ENFAMIL, PROSOBEE, LIPIL, liquid concentrate, not reconstituted, with ARA and DHA",RMSprop,8,32,0.0001,0.581,0.727,0.729,2
"Infant formula, MEAD JOHNSON, ENFAMIL, PROSOBEE, with iron, powder, not reconstituted",RMSprop,8,64,0.0001,0.602,0.654,0.752,3
"Infant formula, MEAD JOHNSON, ENFAMIL, low iron, liquid concentrate, not reconstituted",RMSprop,9,16,0.0001,0.623,0.585,0.774,1
"Infant formula, MEAD JOHNSON, ENFAMIL, low iron, powder, not reconstituted",RMSprop,9,32,0.0001,0.644,0.514,0.797,2
"Infant formula, MEAD JOHNSON, ENFAMIL, low iron, ready-to-feed",RMSprop,9,64,0.0001,0.665,0.444,0.82,3
"Infant formula, MEAD JOHNSON, ENFAMIL, with iron, liquid concentrate, not reconstituted",RMSprop,10,16,0.0001,0.686,0.325,0.842,1
"Infant formula, MEAD JOHNSON, ENFAMIL, with iron, powder",RMSprop,10,32,0.0001,0.707,0.251,0.865,2
"Infant formula, MEAD JOHNSON, ENFAMIL, with iron, ready-to-feed",RMSprop,10,64,0.0001,0.729,0.179,0.887,3
"Infant formula, MEAD JOHNSON, NEXT STEP PROSOBEE, powder, not reconstituted",RMSprop,30,16,0.0001,0.964,0.1,0.964,1
"Infant formula, MEAD JOHNSON, NEXT STEP, PROSOBEE LIPIL, powder, with ARA and DHA",RMSprop,30,32,0.0001,0.974,0.075,0.974,2
"Infant formula, MEAD JOHNSON, NEXT STEP, PROSOBEE, LIPIL, ready to feed, with ARA and DHA",RMSprop,30,64,0.0001,0.982,0.053,0.982,3
"Infant formula, MEAD JOHNSON, PREGESTIMIL, with iron, powder, not reconstituted",RMSprop,50,16,0.0001,0.985,0.044,0.985,1
"Infant formula, MEAD JOHNSON, PREGESTIMIL, with iron, prepared from powder",RMSprop,50,32,0.0001,0.989,0.032,0.989,2
"Infant formula, MEAD JOHNSON, PROSOBEE LIPIL, with iron, ready to feed, with ARA and DHA",RMSprop,50,64,0.0001,0.992,0.023,0.992,3
"Infant formula, MEAD JOHNSON, PROSOBEE, with iron, liquid concentrate, not reconstituted",RMSprop,70,16,0.0001,0.992,0.02,0.992,1
"Infant formula, MEAD JOHNSON, PROSOBEE, with iron, ready-to-feed",RMSprop,70,32,0.0001,0.995,0.012,0.995,2
"Infant formula, MEAD JOHNSON,NEXT STEP PROSOBEE, prepared from powder",RMSprop,70,64,0.0001,0.996,0.008,0.996,3
"Infant formula, NESTLE, GOOD START 2 ESSENTIALS, with iron, liquid concentrate, not reconstituted",RMSprop,90,16,0.0001,0.997,0.006,0.997,1
"Infant formula, NESTLE, GOOD START 2 ESSENTIALS, with iron, powder",RMSprop,90,32,0.0001,0.997,0.005,0.997,2
"Infant formula, NESTLE, GOOD START 2 ESSENTIALS, with iron, ready-to-feed",RMSprop,90,64,0.0001,0.997,0.004,0.997,3
"Infant formula, NESTLE, GOOD START ESSENTIALS SOY, with iron, liquid concentrate, not reconstituted",RMSprop,110,16,0.0001,0.998,0.003,0.998,1
"Infant formula, NESTLE, GOOD START ESSENTIALS SOY, with iron, powder",RMSprop,110,32,0.0001,0.998,0.002,0.998,2
"Infant formula, NESTLE, GOOD START ESSENTIALS SOY, with iron, ready-to-feed",RMSprop,110,64,0.0001,0.998,0.002,0.998,3
"Infant formula, NESTLE, GOOD START SOY, with ARA and DHA, powder",RMSprop,130,16,0.0001,0.998,0.001,0.998,1
"Infant formula, NESTLE, GOOD START SOY, with DHA and ARA, liquid concentrate",RMSprop,130,32,0.0001,0.998,0.001,0.998,2
"Infant formula, NESTLE, GOOD START SOY, with DHA and ARA, ready-to-feed",RMSprop,130,64,0.0001,0.998,0.001,0.998,3
"Infant formula, NESTLE, GOOD START SUPREME, with iron, DHA and ARA, prepared from liquid concentrate",RMSprop,150,16,0.0001,0.998,0.001,0.998,1
"Infant formula, NESTLE, GOOD START SUPREME, with iron, DHA and ARA, ready-to-feed",RMSprop,150,32,0.0001,0.998,0.001,0.998,2
"Infant formula, NESTLE, GOOD START SUPREME, with iron, liquid concentrate, not reconstituted",RMSprop,150,64,0.0001,0.998,0.001,0.998,3
"Infant formula, NESTLE, GOOD START SUPREME, with iron, powder",RMSprop,1,16,0.001,0.159,1.81,0.353,1
"Infant formula, NESTLE, GOOD START SUPREME, with iron, ready-to-feed",RMSprop,1,32,0.001,0.187,1.658,0.379,2
"Infant formula, PBM PRODUCTS, ULTRA BRIGHT BEGINNINGS, liquid concentrate, not reconstituted (formerly WYETH-AYERST)",RMSprop,1,64,0.001,0.215,1.513,0.402,3
"Infant formula, PBM PRODUCTS, ULTRA BRIGHT BEGINNINGS, powder (formerly WYETH-AYERST)",RMSprop,2,16,0.001,0.25,1.368,0.436,1
"Infant formula, PBM PRODUCTS, ULTRA BRIGHT BEGINNINGS, ready-to-feed (formerly WYETH-AYERST)",RMSprop,2,32,0.001,0.278,1.235,0.462,2
"Infant formula, PBM PRODUCTS, ULTRA BRIGHT BEGINNINGS, soy, liquid concentrate (formerly WYETH-AYERST)",RMSprop,2,64,0.001,0.307,1.11,0.488,3
"Infant formula, PBM PRODUCTS, ULTRA BRIGHT BEGINNINGS, soy, powder (formerly WYETH-AYERST)",RMSprop,3,16,0.001,0.354,0.982,0.515,1
"Infant formula, PBM PRODUCTS, ULTRA BRIGHT BEGINNINGS, soy, ready-to-feed (formerly WYETH-AYERST)",RMSprop,3,32,0.001,0.381,0.862,0.541,2
"Infant formula, PBM PRODUCTS, store brand, liquid concentrate, not reconstituted (formerly WYETH-AYERST)",RMSprop,3,64,0.001,0.409,0.748,0.567,3
"Infant formula, PBM PRODUCTS, store brand, powder (formerly WYETH-AYERST)",RMSprop,4,16,0.001,0.454,0.632,0.593,1
"Infant formula, PBM PRODUCTS, store brand, ready-to-feed (formerly WYETH-AYERST)",RMSprop,4,32,0.001,0.48,0.531,0.618,2
"Infant formula, PBM PRODUCTS, store brand, soy, liquid concentrate, not reconstituted (formerly WYETH-AYERST)",RMSprop,4,64,0.001,0.507,0.435,0.643,3
"Infant formula, PBM PRODUCTS, store brand, soy, powder (formerly WYETH-AYERST)",RMSprop,5,16,0.001,0.548,0.355,0.668,1
"Infant formula, PBM PRODUCTS, store brand, soy, ready-to-feed (formerly WYETH-AYERST)",RMSprop,5,32,0.001,0.575,0.281,0.693,2
Zwieback,RMSprop,5,64,0.001,0.602,0.215,0.719,3
"Animal fat, bacon grease",RMSprop,6,16,0.001,0.63,0.135,0.744,1
"Butter replacement, without fat, powder",RMSprop,6,32,0.001,0.656,0.102,0.769,2
"Butter, light, stick, with salt",RMSprop,6,64,0.001,0.683,0.078,0.794,3
"Butter, light, stick, without salt",RMSprop,7,16,0.001,0.71,0.055,0.819,1
"Creamy dressing, made with sour cream and/or buttermilk and oil, reduced calorie",RMSprop,7,32,0.001,0.737,0.039,0.844,2
"Creamy dressing, made with sour cream and/or buttermilk and oil, reduced calorie, cholesterol-free",RMSprop,7,64,0.001,0.745,0.028,0.854,3
"Creamy dressing, made with sour cream and/or buttermilk and oil, reduced calorie, fat-free",RMSprop,8,16,0.001,0.763,0.03,0.869,1
"Fat, beef tallow",RMSprop,8,32,0.001,0.79,0.023,0.894,2
"Fat, chicken",RMSprop,8,64,0.001,0.816,0.019,0.919,3
"Fat, duck",RMSprop,9,16,0.001,0.842,0.012,0.944,1
"Fat, goose",RMSprop,9,32,0.001,0.868,0.007,0.968,2
"Fat, mutton tallow",RMSprop,9,64,0.001,0.893,0.003,0.99,3
"Fat, turkey",RMSprop,10,16,0.001,0.894,0.003,0.991,1
"Fish oil, cod liver",RMSprop,10,32,0.001,0.895,0.002,0.992,2
"Fish oil, herring",RMSprop,10,64,0.001,0.897,0.002,0.993,3
"Fish oil, menhaden",RMSprop,30,16,0.001,0.997,0.001,0.996,1
"Fish oil, menhaden, fully hydrogenated",RMSprop,30,32,0.001,0.997,0.001,0.997,2
"Fish oil, salmon",RMSprop,30,64,0.001,0.997,0.001,0.997,3
"Fish oil, sardine",RMSprop,50,16,0.001,0.997,0.001,0.997,1
Lard,RMSprop,50,32,0.001,0.998,0.001,0.998,2
"Margarine Spread, approximately 48% fat, tub",RMSprop,50,64,0.001,0.998,0.001,0.998,3
"Margarine, 80% fat, stick, includes regular and hydrogenated corn and soybean oils",RMSprop,70,16,0.001,0.998,0.001,0.998,1
"Margarine, 80% fat, tub, CANOLA HARVEST Soft Spread (canola, palm and palm kernel oils)",RMSprop,70,32,0.001,0.998,0.001,0.998,2
"Margarine, industrial, non-dairy, cottonseed, soy oil (partially hydrogenated ), for flaky pastries",RMSprop,70,64,0.001,0.998,0.001,0.998,3
"Margarine, industrial, soy and partially hydrogenated soy oil, use for baking, sauces and candy",RMSprop,90,16,0.001,0.998,0.001,0.998,1
"Margarine, margarine-like vegetable oil spread, 67-70% fat, tub",RMSprop,90,32,0.001,0.998,0.001,0.998,2
"Margarine, margarine-type vegetable oil spread, 70% fat, soybean and partially hydrogenated soybean, stick",RMSprop,90,64,0.001,0.998,0.001,0.998,3
"Margarine, regular, 80% fat, composite, stick, with salt",RMSprop,110,16,0.001,0.998,0.001,0.998,1
"Margarine, regular, 80% fat, composite, stick, with salt, with added vitamin D",RMSprop,110,32,0.001,0.998,0.001,0.998,2
"Margarine, regular, 80% fat, composite, stick, without salt",RMSprop,110,64,0.001,0.998,0.001,0.998,3
"Margarine, regular, 80% fat, composite, stick, without salt, with added vitamin D",RMSprop,130,16,0.001,0.998,0.001,0.998,1
"Margarine, regular, 80% fat, composite, tub, with salt",RMSprop,130,32,0.001,0.998,0.001,0.998,2
"Margarine, regular, 80% fat, composite, tub, with salt, with added vitamin D",RMSprop,130,64,0.001,0.998,0.001,0.998,3
"Margarine, regular, 80% fat, composite, tub, without salt",RMSprop,150,16,0.001,0.998,0.001,0.998,1
"Margarine, regular, hard, soybean (hydrogenated)",RMSprop,150,32,0.001,0.998,0.001,0.998,2
"Margarine-like shortening, industrial, soy (partially hydrogenated), cottonseed, and soy, principal use flaky pastries",RMSprop,150,64,0.001,0.998,0.001,0.998,3
"Margarine-like spread with yogurt, 70% fat, stick, with salt",RMSprop,1,16,0.01,0.039,4.841,0.129,1
"Margarine-like spread with yogurt, approximately 40% fat, tub, with salt",RMSprop,1,32,0.01,0.034,4.865,0.125,2
"Margarine-like spread, BENECOL Light Spread",RMSprop,1,64,0.01,0.048,4.767,0.141,3
"Margarine-like spread, SMART BALANCE Light Buttery Spread",RMSprop,2,16,0.01,0.034,4.862,0.125,1
"Margarine-like spread, SMART BALANCE Omega Plus Spread (with plant sterols & fish oil)",RMSprop,2,32,0.01,0.066,4.674,0.148,2
"Margarine-like spread, SMART BALANCE Regular Buttery Spread with flax oil",RMSprop,2,64,0.01,0.039,4.841,0.129,3
"Margarine-like spread, SMART BEAT Smart Squeeze",RMSprop,3,16,0.01,0.034,4.865,0.125,1
"Margarine-like spread, SMART BEAT Super Light without saturated fat",RMSprop,3,32,0.01,0.048,4.767,0.141,2
"Margarine-like vegetable-oil spread, stick/tub/bottle, 60% fat, with added vitamin D",RMSprop,3,64,0.01,0.034,4.862,0.125,3
"Margarine-like, butter-margarine blend, 80% fat, stick, without salt",RMSprop,4,16,0.01,0.034,4.865,0.125,1
"Margarine-like, margarine-butter blend, soybean oil and butter",RMSprop,4,32,0.01,0.039,4.841,0.129,2
"Margarine-like, vegetable oil spread, 20% fat, with salt",RMSprop,4,64,0.01,0.066,4.674,0.148,3
"Margarine-like, vegetable oil spread, 20% fat, without salt",RMSprop,5,16,0.01,0.034,4.865,0.125,1
"Margarine-like, vegetable oil spread, 60% fat, stick, with salt",RMSprop,5,32,0.01,0.039,4.841,0.129,2
"Margarine-like, vegetable oil spread, 60% fat, stick, with salt, with added vitamin D",RMSprop,5,64,0.01,0.048,4.767,0.141,3
"Margarine-like, vegetable oil spread, 60% fat, stick/tub/bottle, with salt",RMSprop,6,16,0.01,0.039,4.841,0.129,1
"Margarine-like, vegetable oil spread, 60% fat, stick/tub/bottle, without salt",RMSprop,6,32,0.01,0.048,4.767,0.141,2
"Margarine-like, vegetable oil spread, 60% fat, stick/tub/bottle, without salt, with added vitamin D",RMSprop,6,64,0.01,0.039,4.841,0.129,3
"Margarine-like, vegetable oil spread, 60% fat, tub, with salt",RMSprop,7,16,0.01,0.039,4.841,0.129,1
"Margarine-like, vegetable oil spread, 60% fat, tub, with salt, with added vitamin D",RMSprop,7,32,0.01,0.048,4.841,0.141,2
"Margarine-like, vegetable oil spread, approximately 37% fat, unspecified oils, with salt, with added vitamin D",RMSprop,7,64,0.01,0.066,4.674,0.148,3
"Margarine-like, vegetable oil spread, fat free, liquid, with salt",RMSprop,8,16,0.01,0.039,4.841,0.129,1
"Margarine-like, vegetable oil spread, fat-free, tub",RMSprop,8,32,0.01,0.048,4.767,0.141,2
"Margarine-like, vegetable oil spread, stick or tub, sweetened",RMSprop,8,64,0.01,0.039,4.841,0.129,3
"Margarine-like, vegetable oil spread, unspecified oils, approximately 37% fat, with salt",RMSprop,9,16,0.01,0.039,4.841,0.129,1
"Margarine-like, vegetable oil-butter spread, reduced calorie, tub, with salt",RMSprop,9,32,0.01,0.048,4.767,0.141,2
"Margarine-like, vegetable oil-butter spread, tub, with salt",RMSprop,9,64,0.01,0.034,4.865,0.125,3
"Mayonnaise dressing, no cholesterol",RMSprop,10,16,0.01,0.034,4.865,0.125,1
"Mayonnaise, low sodium, low calorie or diet",RMSprop,10,32,0.01,0.034,4.865,0.125,2
"Mayonnaise, made with tofu",RMSprop,10,64,0.01,0.039,4.841,0.129,3
"Mayonnaise, reduced-calorie or diet, cholesterol-free",RMSprop,30,16,0.01,0.034,4.865,0.125,1
"Meat drippings (lard, beef tallow, mutton tallow)",RMSprop,30,32,0.01,0.034,4.865,0.125,2
"Oil, PAM cooking spray, original",RMSprop,30,64,0.01,0.039,4.841,0.129,3
"Oil, almond",RMSprop,50,16,0.01,0.034,4.865,0.125,1
"Oil, apricot kernel",RMSprop,50,32,0.01,0.048,4.767,0.141,2
"Oil, avocado",RMSprop,50,64,0.01,0.039,4.841,0.129,3
"Oil, babassu",RMSprop,70,16,0.01,0.034,4.865,0.125,1
"Oil, canola",RMSprop,70,32,0.01,0.039,4.841,0.129,2
"Oil, cocoa butter",RMSprop,70,64,0.01,0.048,4.767,0.141,3
"Oil, coconut",RMSprop,90,16,0.01,0.039,4.841,0.129,1
"Oil, cooking and salad, ENOVA, 80% diglycerides",RMSprop,90,32,0.01,0.048,4.767,0.141,2
"Oil, corn and canola",RMSprop,90,64,0.01,0.034,4.865,0.125,3
"Oil, corn, industrial and retail, all purpose salad or cooking",RMSprop,110,16,0.01,0.039,4.841,0.129,1
"Oil, corn, peanut, and olive",RMSprop,110,32,0.01,0.039,4.841,0.129,2
"Oil, cottonseed, salad or cooking",RMSprop,110,64,0.01,0.048,4.767,0.141,3
"Oil, cupu assu",RMSprop,130,16,0.01,0.034,4.865,0.125,1
"Oil, flaxseed",RMSprop,130,32,0.01,0.034,4.865,0.125,2
"Oil, grapeseed",RMSprop,130,64,0.01,0.039,4.841,0.129,3
"Oil, hazelnut",RMSprop,150,16,0.01,0.034,4.865,0.125,1
"Oil, industrial, canola (partially hydrogenated) oil for deep fat frying",RMSprop,150,32,0.01,0.034,4.865,0.125,2
"Oil, industrial, canola for salads, woks and light frying",RMSprop,150,64,0.01,0.048,4.767,0.141,3
"Oil, industrial, canola with antifoaming agent, principal uses salads, woks and light frying",RMSprop,1,16,0.1,0.011,5.134,0.104,1
"Oil, industrial, canola, high oleic",RMSprop,1,32,0.1,0.011,5.134,0.104,2
"Oil, industrial, coconut (hydrogenated), used for whipped toppings and coffee whiteners",RMSprop,1,64,0.1,0.018,5.125,0.107,3
"Oil, industrial, coconut, confection fat, typical basis for ice cream coatings",RMSprop,2,16,0.1,0.005,5.173,0.098,1
"Oil, industrial, coconut, principal uses candy coatings, oil sprays, roasting nuts",RMSprop,2,32,0.1,0.011,5.134,0.104,2
"Oil, industrial, mid-oleic, sunflower",RMSprop,2,64,0.1,0.007,5.154,0.1,3
"Oil, industrial, palm and palm kernel, filling fat (non-hydrogenated)",RMSprop,3,16,0.1,0.005,5.173,0.098,1
"Oil, industrial, palm kernel (hydrogenated) , used for whipped toppings, non-dairy",RMSprop,3,32,0.1,0.011,5.134,0.104,2
"Oil, industrial, palm kernel (hydrogenated), confection fat, intermediate grade product",RMSprop,3,64,0.1,0.018,5.125,0.107,3
"Oil, industrial, palm kernel (hydrogenated), confection fat, uses similar to 95 degree hard butter",RMSprop,4,16,0.1,0.005,5.173,0.098,1
"Oil, industrial, palm kernel (hydrogenated), filling fat",RMSprop,4,32,0.1,0.018,5.125,0.107,2
"Oil, industrial, palm kernel, confection fat, uses similar to high quality cocoa butter",RMSprop,4,64,0.1,0.011,5.134,0.104,3
"Oil, industrial, soy ( partially hydrogenated), all purpose",RMSprop,5,16,0.1,0.005,5.173,0.098,1
"Oil, industrial, soy (partially hydrogenated ) and soy (winterized), pourable clear fry",RMSprop,5,32,0.1,0.007,5.154,0.1,2
"Oil, industrial, soy (partially hydrogenated ), palm, principal uses icings and fillings",RMSprop,5,64,0.1,0.011,5.134,0.104,3
"Oil, industrial, soy (partially hydrogenated) and cottonseed, principal use as a tortilla shortening",RMSprop,6,16,0.1,0.005,5.173,0.098,1
"Oil, industrial, soy (partially hydrogenated), multiuse for non-dairy butter flavor",RMSprop,6,32,0.1,0.011,5.134,0.104,2
"Oil, industrial, soy (partially hydrogenated), principal uses popcorn and flavoring vegetables",RMSprop,6,64,0.1,0.007,5.154,0.1,3
"Oil, industrial, soy, fully hydrogenated",RMSprop,7,16,0.1,0.005,5.173,0.098,1
"Oil, industrial, soy, low linolenic",RMSprop,7,32,0.1,0.011,5.134,0.104,2
"Oil, industrial, soy, refined, for woks and light frying",RMSprop,7,64,0.1,0.007,5.154,0.1,3
"Oil, industrial, soy, ultra low linolenic",RMSprop,8,16,0.1,0.011,5.134,0.104,1
"Oil, mustard",RMSprop,8,32,0.1,0.018,5.125,0.107,2
"Oil, nutmeg butter",RMSprop,8,64,0.1,0.018,5.125,0.107,3
"Oil, oat",RMSprop,9,16,0.1,0.011,5.134,0.104,1
"Oil, olive, salad or cooking",RMSprop,9,32,0.1,0.007,5.154,0.1,2
"Oil, palm",RMSprop,9,64,0.1,0.011,5.134,0.104,3
"Oil, peanut, salad or cooking",RMSprop,10,16,0.1,0.005,5.173,0.098,1
"Oil, poppyseed",RMSprop,10,32,0.1,0.011,5.134,0.104,2
"Oil, rice bran",RMSprop,10,64,0.1,0.011,5.134,0.104,3
"Oil, safflower, salad or cooking, high oleic (primary safflower oil of commerce)",RMSprop,30,16,0.1,0.005,5.173,0.098,1
"Oil, safflower, salad or cooking, linoleic, (over 70%)",RMSprop,30,32,0.1,0.011,5.134,0.104,2
"Oil, sesame, salad or cooking",RMSprop,30,64,0.1,0.011,5.134,0.104,3
"Oil, sheanut",RMSprop,50,16,0.1,0.005,5.173,0.098,1
"Oil, soybean lecithin",RMSprop,50,32,0.1,0.011,5.134,0.104,2
"Oil, soybean, salad or cooking",RMSprop,50,64,0.1,0.018,5.125,0.107,3
"Oil, soybean, salad or cooking, (partially hydrogenated)",RMSprop,70,16,0.1,0.005,5.173,0.098,1
"Oil, soybean, salad or cooking, (partially hydrogenated) and cottonseed",RMSprop,70,32,0.1,0.007,5.154,0.1,2
"Oil, sunflower, high oleic (70% and over)",RMSprop,70,64,0.1,0.018,5.125,0.107,3
"Oil, sunflower, linoleic (less than 60%)",RMSprop,90,16,0.1,0.005,5.173,0.098,1
"Oil, sunflower, linoleic, (approx. 65%)",RMSprop,90,32,0.1,0.018,5.125,0.107,2
"Oil, sunflower, linoleic, (partially hydrogenated)",RMSprop,90,64,0.1,0.018,5.125,0.107,3
"Oil, teaseed",RMSprop,110,16,0.1,0.018,5.125,0.107,1
"Oil, tomatoseed",RMSprop,110,32,0.1,0.018,5.125,0.107,2
"Oil, ucuhuba butter",RMSprop,110,64,0.1,0.018,5.125,0.107,3
"Oil, vegetable, Natreon canola, high stability, non trans, high oleic (70%)",RMSprop,130,16,0.1,0.018,5.125,0.107,1
"Oil, walnut",RMSprop,130,32,0.1,0.011,5.134,0.104,2
"Oil, wheat germ",RMSprop,130,64,0.1,0.018,5.125,0.107,3
"Salad Dressing, coleslaw dressing, reduced fat",RMSprop,150,16,0.1,0.005,5.173,0.098,1
"Salad Dressing, mayonnaise, light, SMART BALANCE, Omega Plus light",RMSprop,150,32,0.1,0.007,5.154,0.1,2
"Salad Dressing, mayonnaise-like, fat-free",RMSprop,150,64,0.1,0.018,5.125,0.107,3
